timestamp,rate
2025-04-13 16:00:00+00:00,6.754e-05
2025-04-14 00:00:00+00:00,5.195e-05
2025-04-14 08:00:00+00:00,-4.61e-06
2025-04-14 16:00:00+00:00,-1.591e-05
2025-04-15 00:00:00+00:00,4.35e-05
2025-04-15 08:00:00+00:00,8.827e-05
2025-04-15 16:00:00.001000+00:00,-8.75e-06
2025-04-16 00:00:00+00:00,-0.00016535
2025-04-16 08:00:00+00:00,-9.104e-05
2025-04-16 16:00:00+00:00,-0.00012028
2025-04-17 00:00:00.001000+00:00,7.093e-05
2025-04-17 08:00:00+00:00,7.457e-05
2025-04-17 16:00:00.001000+00:00,-2.363e-05
2025-04-18 00:00:00+00:00,-8.521e-05
2025-04-18 08:00:00+00:00,-0.0001155
2025-04-18 16:00:00+00:00,3.7e-07
2025-04-19 00:00:00+00:00,6.705e-05
2025-04-19 08:00:00+00:00,0.0001
2025-04-19 16:00:00+00:00,-1.515e-05
2025-04-20 00:00:00+00:00,7.365e-05
2025-04-20 08:00:00+00:00,-2.124e-05
2025-04-20 16:00:00+00:00,-0.00023819
2025-04-21 00:00:00+00:00,2.909e-05
2025-04-21 08:00:00.005000+00:00,0.0001
2025-04-21 16:00:00.003000+00:00,0.0001
2025-04-22 00:00:00.008000+00:00,-0.000119
2025-04-22 08:00:00+00:00,5.335e-05
2025-04-22 16:00:00+00:00,0.0001
2025-04-23 00:00:00+00:00,0.0001
2025-04-23 08:00:00.002000+00:00,0.0001
2025-04-23 16:00:00+00:00,0.0001
2025-04-24 00:00:00+00:00,0.0001
2025-04-24 08:00:00.001000+00:00,0.0001
2025-04-24 16:00:00.001000+00:00,-3.867e-05
2025-04-25 00:00:00.007000+00:00,6.7e-05
2025-04-25 08:00:00.002000+00:00,0.0001
2025-04-25 16:00:00.003000+00:00,1.038e-05
2025-04-26 00:00:00.002000+00:00,-1.474e-05
2025-04-26 08:00:00+00:00,0.0001
2025-04-26 16:00:00.002000+00:00,-1.371e-05
2025-04-27 00:00:00.001000+00:00,-6.201e-05
2025-04-27 08:00:00+00:00,-8.18e-06
2025-04-27 16:00:00+00:00,0.0001
2025-04-28 00:00:00.001000+00:00,0.0001
2025-04-28 08:00:00.003000+00:00,0.0001
2025-04-28 16:00:00.005000+00:00,0.0001
2025-04-29 00:00:00+00:00,-6.192e-05
2025-04-29 08:00:00+00:00,3.832e-05
2025-04-29 16:00:00.010000+00:00,-1.18e-05
2025-04-30 00:00:00.001000+00:00,-3.119e-05
2025-04-30 08:00:00+00:00,-2.5e-05
2025-04-30 16:00:00.003000+00:00,-0.00011645
2025-05-01 00:00:00+00:00,-1.513e-05
2025-05-01 08:00:00+00:00,0.0001
2025-05-01 16:00:00.001000+00:00,0.0001
2025-05-02 00:00:00+00:00,0.0001
2025-05-02 08:00:00+00:00,9.454e-05
2025-05-02 16:00:00.003000+00:00,0.0001
2025-05-03 00:00:00+00:00,1.815e-05
2025-05-03 08:00:00+00:00,0.0001
2025-05-03 16:00:00+00:00,7.066e-05
2025-05-04 00:00:00.001000+00:00,4.231e-05
2025-05-04 08:00:00.001000+00:00,0.0001
2025-05-04 16:00:00.002000+00:00,-5.081e-05
2025-05-05 00:00:00+00:00,-0.00010301
2025-05-05 08:00:00+00:00,9.187e-05
2025-05-05 16:00:00.006000+00:00,-0.00012179
2025-05-06 00:00:00.002000+00:00,4.025e-05
2025-05-06 08:00:00.005000+00:00,2.953e-05
2025-05-06 16:00:00+00:00,3.011e-05
2025-05-07 00:00:00.002000+00:00,6.854e-05
2025-05-07 08:00:00+00:00,0.0001
2025-05-07 16:00:00.006000+00:00,-3.781e-05
2025-05-08 00:00:00+00:00,6.256e-05
2025-05-08 08:00:00.001000+00:00,0.0001
2025-05-08 16:00:00.002000+00:00,0.0001
2025-05-09 00:00:00.001000+00:00,0.0001
2025-05-09 08:00:00.006000+00:00,0.0001
2025-05-09 16:00:00+00:00,0.0001
2025-05-10 00:00:00.001000+00:00,0.0001
2025-05-10 08:00:00+00:00,0.0001
2025-05-10 16:00:00.001000+00:00,0.0001
2025-05-11 00:00:00+00:00,0.0001
2025-05-11 08:00:00.001000+00:00,0.0001
2025-05-11 16:00:00.001000+00:00,3.981e-05
2025-05-12 00:00:00.004000+00:00,9.125e-05
2025-05-12 08:00:00+00:00,0.0001
2025-05-12 16:00:00+00:00,0.0001
2025-05-13 00:00:00+00:00,0.0001
2025-05-13 08:00:00.008000+00:00,0.0001
2025-05-13 16:00:00.001000+00:00,0.0001
2025-05-14 00:00:00.007000+00:00,0.0001
2025-05-14 08:00:00+00:00,0.0001
2025-05-14 16:00:00.002000+00:00,0.0001
2025-05-15 00:00:00+00:00,2.801e-05
2025-05-15 08:00:00.003000+00:00,9.429e-05
2025-05-15 16:00:00+00:00,2.55e-06
2025-05-16 00:00:00.001000+00:00,8.604e-05
2025-05-16 08:00:00+00:00,2.119e-05
2025-05-16 16:00:00+00:00,8.012e-05
2025-05-17 00:00:00+00:00,7.415e-05
2025-05-17 08:00:00.001000+00:00,6.362e-05
2025-05-17 16:00:00.004000+00:00,2.303e-05
2025-05-18 00:00:00+00:00,3.27e-05
2025-05-18 08:00:00+00:00,1.271e-05
2025-05-18 16:00:00+00:00,-1.81e-06
2025-05-19 00:00:00+00:00,6.695e-05
2025-05-19 08:00:00.006000+00:00,-2.293e-05
2025-05-19 16:00:00.010000+00:00,1.248e-05
2025-05-20 00:00:00+00:00,0.0001
2025-05-20 08:00:00.002000+00:00,0.0001
2025-05-20 16:00:00+00:00,-3.841e-05
2025-05-21 00:00:00+00:00,1.786e-05
2025-05-21 08:00:00.001000+00:00,2.882e-05
2025-05-21 16:00:00.004000+00:00,7.251e-05
2025-05-22 00:00:00.001000+00:00,0.0001
2025-05-22 08:00:00+00:00,0.0001
2025-05-22 16:00:00.002000+00:00,0.0001
2025-05-23 00:00:00.006000+00:00,0.0001
2025-05-23 08:00:00+00:00,0.0001
2025-05-23 16:00:00.007000+00:00,8.33e-06
2025-05-24 00:00:00.010000+00:00,-3.398e-05
2025-05-24 08:00:00+00:00,2.279e-05
2025-05-24 16:00:00.003000+00:00,0.0001
2025-05-25 00:00:00.004000+00:00,7.622e-05
2025-05-25 08:00:00+00:00,-5.948e-05
2025-05-25 16:00:00+00:00,-6.308e-05
2025-05-26 00:00:00+00:00,4.896e-05
2025-05-26 08:00:00+00:00,0.0001
2025-05-26 16:00:00.002000+00:00,0.0001
2025-05-27 00:00:00.003000+00:00,-5.506e-05
2025-05-27 08:00:00.001000+00:00,3.185e-05
2025-05-27 16:00:00.005000+00:00,0.0001
2025-05-28 00:00:00.002000+00:00,0.0001
2025-05-28 08:00:00.003000+00:00,4.546e-05
2025-05-28 16:00:00.002000+00:00,-7.08e-05
2025-05-29 00:00:00+00:00,-6.466e-05
2025-05-29 08:00:00.006000+00:00,0.0001
2025-05-29 16:00:00+00:00,0.0001
2025-05-30 00:00:00.003000+00:00,8.959e-05
2025-05-30 08:00:00.003000+00:00,2.026e-05
2025-05-30 16:00:00+00:00,1.893e-05
2025-05-31 00:00:00+00:00,1.57e-05
2025-05-31 08:00:00+00:00,2.282e-05
2025-05-31 16:00:00+00:00,6.3e-06
2025-06-01 00:00:00.001000+00:00,0.0001
2025-06-01 08:00:00.002000+00:00,-1.65e-05
2025-06-01 16:00:00+00:00,-7.471e-05
2025-06-02 00:00:00.001000+00:00,4.446e-05
2025-06-02 08:00:00+00:00,0.0001
2025-06-02 16:00:00+00:00,-2.856e-05
2025-06-03 00:00:00+00:00,0.0001
2025-06-03 08:00:00+00:00,0.0001
2025-06-03 16:00:00.001000+00:00,0.0001
2025-06-04 00:00:00+00:00,0.0001
2025-06-04 08:00:00+00:00,0.0001
2025-06-04 16:00:00+00:00,9.304e-05
2025-06-05 00:00:00.016000+00:00,-2.306e-05
2025-06-05 08:00:00+00:00,9.042e-05
2025-06-05 16:00:00+00:00,6.675e-05
2025-06-06 00:00:00.002000+00:00,-0.00011274
2025-06-06 08:00:00+00:00,-3.233e-05
2025-06-06 16:00:00.006000+00:00,8.734e-05
2025-06-07 00:00:00+00:00,0.0001
2025-06-07 08:00:00+00:00,8.876e-05
2025-06-07 16:00:00.002000+00:00,8.217e-05
2025-06-08 00:00:00+00:00,7.688e-05
2025-06-08 08:00:00+00:00,7.09e-05
2025-06-08 16:00:00+00:00,0.0001
2025-06-09 00:00:00+00:00,0.0001
2025-06-09 08:00:00.001000+00:00,8.792e-05
2025-06-09 16:00:00.001000+00:00,-1.651e-05
2025-06-10 00:00:00+00:00,0.0001
2025-06-10 08:00:00.001000+00:00,0.0001
2025-06-10 16:00:00.003000+00:00,-3.862e-05
2025-06-11 00:00:00+00:00,0.0001
2025-06-11 08:00:00+00:00,0.0001
2025-06-11 16:00:00.010000+00:00,0.0001
2025-06-12 00:00:00.002000+00:00,9.136e-05
2025-06-12 08:00:00.003000+00:00,5.01e-06
2025-06-12 16:00:00.001000+00:00,-6.39e-06
2025-06-13 00:00:00+00:00,-2.115e-05
2025-06-13 08:00:00.001000+00:00,-7.715e-05
2025-06-13 16:00:00.004000+00:00,1.421e-05
2025-06-14 00:00:00+00:00,5.924e-05
2025-06-14 08:00:00+00:00,-2.518e-05
2025-06-14 16:00:00+00:00,5.746e-05
2025-06-15 00:00:00.005000+00:00,7.32e-06
2025-06-15 08:00:00.009000+00:00,1.282e-05
2025-06-15 16:00:00+00:00,6.472e-05
2025-06-16 00:00:00+00:00,-1.729e-05
2025-06-16 08:00:00+00:00,7.058e-05
2025-06-16 16:00:00.003000+00:00,9.077e-05
2025-06-17 00:00:00+00:00,0.0001
2025-06-17 08:00:00.006000+00:00,0.0001
2025-06-17 16:00:00.001000+00:00,6.544e-05
2025-06-18 00:00:00.001000+00:00,3.29e-05
2025-06-18 08:00:00.001000+00:00,5.644e-05
2025-06-18 16:00:00.001000+00:00,-2.341e-05
2025-06-19 00:00:00.005000+00:00,4.308e-05
2025-06-19 08:00:00.003000+00:00,0.0001
2025-06-19 16:00:00+00:00,1.495e-05
2025-06-20 00:00:00+00:00,0.0001
2025-06-20 08:00:00.002000+00:00,3.559e-05
2025-06-20 16:00:00.001000+00:00,-1.31e-06
2025-06-21 00:00:00.002000+00:00,-1.019e-05
2025-06-21 08:00:00.005000+00:00,5.379e-05
2025-06-21 16:00:00+00:00,2.181e-05
2025-06-22 00:00:00.005000+00:00,-1.237e-05
2025-06-22 08:00:00+00:00,0.0001
2025-06-22 16:00:00.003000+00:00,-4.42e-06
2025-06-23 00:00:00+00:00,-2.245e-05
2025-06-23 08:00:00.004000+00:00,4.191e-05
2025-06-23 16:00:00.013000+00:00,-4.243e-05
2025-06-24 00:00:00.003000+00:00,-5.895e-05
2025-06-24 08:00:00+00:00,0.0001
2025-06-24 16:00:00+00:00,0.0001
2025-06-25 00:00:00.005000+00:00,0.0001
2025-06-25 08:00:00+00:00,0.0001
2025-06-25 16:00:00.005000+00:00,9.144e-05
2025-06-26 00:00:00+00:00,7.592e-05
2025-06-26 08:00:00.006000+00:00,7.373e-05
2025-06-26 16:00:00.007000+00:00,5.095e-05
2025-06-27 00:00:00+00:00,-6.38e-06
2025-06-27 08:00:00+00:00,1.132e-05
2025-06-27 16:00:00.009000+00:00,1.03e-05
2025-06-28 00:00:00.001000+00:00,-2.646e-05
2025-06-28 08:00:00.002000+00:00,9.428e-05
2025-06-28 16:00:00+00:00,0.0001
2025-06-29 00:00:00.004000+00:00,0.0001
2025-06-29 08:00:00.001000+00:00,6.37e-05
2025-06-29 16:00:00.001000+00:00,7.67e-05
2025-06-30 00:00:00+00:00,9.488e-05
2025-06-30 08:00:00.005000+00:00,8.025e-05
2025-06-30 16:00:00.002000+00:00,3.027e-05
2025-07-01 00:00:00.007000+00:00,0.0001
2025-07-01 08:00:00.002000+00:00,0.0001
2025-07-01 16:00:00+00:00,1.379e-05
2025-07-02 00:00:00.001000+00:00,-5.51e-05
2025-07-02 08:00:00+00:00,-2.455e-05
2025-07-02 16:00:00.003000+00:00,2.866e-05
2025-07-03 00:00:00.006000+00:00,0.0001
2025-07-03 08:00:00.003000+00:00,0.0001
2025-07-03 16:00:00.003000+00:00,0.0001
2025-07-04 00:00:00.005000+00:00,0.0001
2025-07-04 08:00:00.003000+00:00,0.0001
2025-07-04 16:00:00.001000+00:00,6.369e-05
2025-07-05 00:00:00.004000+00:00,9.69e-06
2025-07-05 08:00:00.009000+00:00,1.442e-05
2025-07-05 16:00:00.006000+00:00,1.91e-05
2025-07-06 00:00:00.001000+00:00,9.5e-06
2025-07-06 08:00:00.002000+00:00,8.892e-05
2025-07-06 16:00:00.004000+00:00,0.0001
2025-07-07 00:00:00+00:00,0.0001
2025-07-07 08:00:00.007000+00:00,0.0001
2025-07-07 16:00:00+00:00,0.0001
2025-07-08 00:00:00.010000+00:00,7.104e-05
2025-07-08 08:00:00.003000+00:00,-4.276e-05
2025-07-08 16:00:00+00:00,5.323e-05
2025-07-09 00:00:00.002000+00:00,0.0001
2025-07-09 08:00:00.006000+00:00,0.0001
2025-07-09 16:00:00.001000+00:00,0.0001
2025-07-10 00:00:00.003000+00:00,0.0001
2025-07-10 08:00:00+00:00,0.0001
2025-07-10 16:00:00.004000+00:00,9.462e-05
2025-07-11 00:00:00.004000+00:00,0.0001
2025-07-11 08:00:00.007000+00:00,0.0001
2025-07-11 16:00:00.001000+00:00,0.0001
2025-07-12 00:00:00+00:00,0.0001
2025-07-12 08:00:00.001000+00:00,0.0001
2025-07-12 16:00:00.002000+00:00,0.0001
2025-07-13 00:00:00.006000+00:00,0.0001
2025-07-13 08:00:00.001000+00:00,0.0001
2025-07-13 16:00:00.003000+00:00,0.0001
2025-07-14 00:00:00+00:00,0.0001
2025-07-14 08:00:00+00:00,0.0001
2025-07-14 16:00:00+00:00,0.0001
2025-07-15 00:00:00.002000+00:00,0.0001
2025-07-15 08:00:00+00:00,0.0001
2025-07-15 16:00:00+00:00,0.0001
2025-07-16 00:00:00+00:00,0.0001
2025-07-16 08:00:00+00:00,0.0001
2025-07-16 16:00:00.008000+00:00,0.0001
2025-07-17 00:00:00.003000+00:00,0.0001
2025-07-17 08:00:00+00:00,0.0001
2025-07-17 16:00:00+00:00,0.0001
2025-07-18 00:00:00.004000+00:00,0.00033673
2025-07-18 08:00:00+00:00,0.00030655
2025-07-18 16:00:00+00:00,0.0001
2025-07-19 00:00:00.009000+00:00,0.0001
2025-07-19 08:00:00+00:00,0.0001
2025-07-19 16:00:00.002000+00:00,0.0001
2025-07-20 00:00:00+00:00,0.0001
2025-07-20 08:00:00+00:00,0.0001
2025-07-20 16:00:00+00:00,0.0001
2025-07-21 00:00:00.001000+00:00,0.0001
2025-07-21 08:00:00+00:00,0.0001
2025-07-21 16:00:00.001000+00:00,0.0001
2025-07-22 00:00:00+00:00,0.0001
2025-07-22 08:00:00.010000+00:00,0.0001
2025-07-22 16:00:00.007000+00:00,0.0001
2025-07-23 00:00:00+00:00,0.00031378
2025-07-23 08:00:00.004000+00:00,0.0001
2025-07-23 16:00:00.002000+00:00,0.0001
2025-07-24 00:00:00+00:00,0.0001
2025-07-24 08:00:00.001000+00:00,0.0001
2025-07-24 16:00:00+00:00,0.0001
2025-07-25 00:00:00+00:00,0.0001
2025-07-25 08:00:00+00:00,0.0001
2025-07-25 16:00:00+00:00,-1.445e-05
2025-07-26 00:00:00.001000+00:00,0.0001
2025-07-26 08:00:00.005000+00:00,0.0001
2025-07-26 16:00:00.001000+00:00,0.0001
2025-07-27 00:00:00.001000+00:00,0.0001
2025-07-27 08:00:00+00:00,0.0001
2025-07-27 16:00:00.008000+00:00,4.171e-05
2025-07-28 00:00:00.005000+00:00,0.0001
2025-07-28 08:00:00+00:00,8.326e-05
